acc_cond_to_cond,acc_cond_to_run,acc_cond_to_trial,acc_run_to_cond,acc_run_to_run,acc_run_to_trial,acc_trial_to_cond,acc_trial_to_run,acc_trial_to_trial,sens_cond_to_cond,sens_cond_to_run,sens_cond_to_trial,sens_run_to_cond,sens_run_to_run,sens_run_to_trial,sens_trial_to_cond,sens_trial_to_run,sens_trial_to_trial,spec_cond_to_cond,spec_cond_to_run,spec_cond_to_trial,spec_run_to_cond,spec_run_to_run,spec_run_to_trial,spec_trial_to_cond,spec_trial_to_run,spec_trial_to_trial,auc_cond_to_cond,auc_cond_to_run,auc_cond_to_trial,auc_run_to_cond,auc_run_to_run,auc_run_to_trial,auc_trial_to_cond,auc_trial_to_run,auc_trial_to_trial,ppv_cond_to_cond,ppv_cond_to_run,ppv_cond_to_trial,ppv_run_to_cond,ppv_run_to_run,ppv_run_to_trial,ppv_trial_to_cond,ppv_trial_to_run,ppv_trial_to_trial,acc_semi_to_trial,sens_semi_to_trial,spec_semi_to_trial,auc_semi_to_trial,ppv_semi_to_trial,acc_semi_to_run,sens_semi_to_run,spec_semi_to_run,auc_semi_to_run,ppv_semi_to_run,acc_semi_to_semi,sens_semi_to_semi,spec_semi_to_semi,auc_semi_to_semi,ppv_semi_to_semi,acc_semi_to_cond,sens_semi_to_cond,spec_semi_to_cond,auc_semi_to_cond,ppv_semi_to_cond,acc_trial_to_semi,sens_trial_to_semi,spec_trial_to_semi,auc_trial_to_semi,ppv_trial_to_semi,acc_run_to_semi,sens_run_to_semi,spec_run_to_semi,auc_run_to_semi,ppv_run_to_semi,acc_cond_to_semi,sens_cond_to_semi,spec_cond_to_semi,auc_cond_to_semi,ppv_cond_to_semi,acc_quart_to_trial,sens_quart_to_trial,spec_quart_to_trial,auc_quart_to_trial,ppv_quart_to_trial,acc_quart_to_run,sens_quart_to_run,spec_quart_to_run,auc_quart_to_run,ppv_quart_to_run,acc_quart_to_quart,sens_quart_to_quart,spec_quart_to_quart,auc_quart_to_quart,ppv_quart_to_quart,acc_quart_to_semi,sens_quart_to_semi,spec_quart_to_semi,auc_quart_to_semi,ppv_quart_to_semi,acc_quart_to_cond,sens_quart_to_cond,spec_quart_to_cond,auc_quart_to_cond,ppv_quart_to_cond,acc_trial_to_quart,sens_trial_to_quart,spec_trial_to_quart,auc_trial_to_quart,ppv_trial_to_quart,acc_run_to_quart,sens_run_to_quart,spec_run_to_quart,auc_run_to_quart,ppv_run_to_quart,acc_semi_to_quart,sens_semi_to_quart,spec_semi_to_quart,auc_semi_to_quart,ppv_semi_to_quart,acc_cond_to_quart,sens_cond_to_quart,spec_cond_to_quart,auc_cond_to_quart,ppv_cond_to_quart,train_trial+test_trial,train_trial+test_run,train_trial+test_quarter,train_trial+test_semi,train_trial+test_cond,train_cond+test_trial,train_cond+test_run,train_cond+test_quarter,train_cond+test_semi,train_cond+test_cond
0.75,0.78125,0.71875,1,0.90625,0.875,1,0.875,0.828125,0.5,0.5625,0.46875,1,0.8125,0.78125,1,0.75,0.71875,1,1,0.96875,1,1,0.96875,1,1,0.9375,1,0.94921875,0.919921875,1,0.962890625,0.940917969,1,0.962890625,0.916503906,1,1,0.9375,1,1,0.961538462,1,1,0.92,0.859375,0.71875,1,0.968261719,1,0.84375,0.6875,1,0.99609375,1,1,1,1,1,1,1,1,1,1,1,1,1,1,1,1,1,1,1,1,1,0.75,0.5,1,1,1,0.796875,0.625,0.96875,0.940917969,0.952380952,0.84375,0.6875,1,0.978515625,1,0.9375,0.875,1,1,1,1,1,1,1,1,1,1,1,1,1,0.9375,0.875,1,1,1,1,1,1,1,1,0.9375,0.875,1,1,1,0.75,0.5,1,1,1,1,1,1,1,1,0.75,1,0.5,0.75,0.75
1,0.85,0.775,1,0.9,0.85,1,0.85,0.875,1,1,0.95,1,1,0.95,1,1,1,1,0.7,0.6,1,0.8,0.75,1,0.7,0.75,1,0.98,0.9375,1,0.995,0.97,1,1,0.98125,1,0.769230769,0.703703704,1,0.833333333,0.791666667,1,0.769230769,0.8,0.775,0.95,0.6,0.9625,0.703703704,0.8,1,0.6,0.99,0.714285714,0.875,1,0.75,1,0.8,1,1,1,1,1,1,1,1,1,1,1,1,1,1,1,0.875,1,0.75,1,0.8,0.9,1,0.8,0.98625,0.833333333,0.9,1,0.8,1,0.833333333,1,1,1,1,1,1,1,1,1,1,1,1,1,1,1,0.916666667,1,0.833333333,1,0.857142857,0.916666667,1,0.833333333,1,0.857142857,0.833333333,1,0.666666667,1,0.75,0.916666667,1,0.833333333,1,0.857142857,1,0.75,1,1,1,0.75,0.5,0.75,0.75,1
1,0.90625,0.875,1,0.96875,0.875,1,0.9375,0.859375,1,1,1,1,0.9375,0.9375,1,0.875,0.875,1,0.8125,0.75,1,1,0.8125,1,1,0.84375,1,0.9921875,0.938476563,1,0.986328125,0.979980469,1,0.9609375,0.941894531,1,0.842105263,0.8,1,1,0.833333333,1,1,0.848484848,0.875,0.96875,0.78125,0.967285156,0.815789474,0.9375,1,0.875,0.998046875,0.888888889,1,1,1,1,1,1,1,1,1,1,1,1,1,1,1,1,1,1,1,1,1,1,1,1,1,0.890625,0.96875,0.8125,0.978027344,0.837837838,0.9375,0.9375,0.9375,0.998046875,0.9375,1,1,1,1,1,1,1,1,1,1,1,1,1,1,1,1,1,1,1,1,1,1,1,1,1,1,1,1,1,1,0.9375,1,0.875,1,0.888888889,1,1,1,1,1,1,1,1,1,1
0.75,0.75,0.734375,1,0.875,0.8125,1,0.78125,0.765625,0.5,0.5,0.53125,1,0.875,0.8125,1,0.875,0.875,1,1,0.9375,1,0.875,0.8125,1,0.6875,0.65625,1,0.916015625,0.849121094,1,0.943359375,0.872558594,1,0.92578125,0.864746094,1,1,0.894736842,1,0.875,0.8125,1,0.736842105,0.717948718,0.75,0.59375,0.90625,0.825195313,0.863636364,0.6875,0.5,0.875,0.86328125,0.8,1,1,1,1,1,1,1,1,1,1,1,1,1,1,1,1,1,1,1,1,0.75,0.5,1,1,1,0.765625,0.78125,0.75,0.879882813,0.757575758,0.8125,0.8125,0.8125,0.94921875,0.8125,0.9375,0.875,1,0.9921875,1,1,1,1,1,1,1,1,1,1,1,1,1,1,1,1,0.875,0.75,1,0.9921875,1,0.8125,0.625,1,0.9375,1,0.6875,0.375,1,0.9453125,1,0.75,0.75,1,1,1,1,0.75,0.75,0.75,0.75
1,0.964285714,0.875,1,1,0.892857143,1,1,0.839285714,1,1,0.892857143,1,1,0.857142857,1,1,0.821428571,1,0.928571429,0.857142857,1,1,0.928571429,1,1,0.857142857,1,1,0.958545918,1,1,0.961734694,1,1,0.93494898,1,0.933333333,0.862068966,1,1,0.923076923,1,1,0.851851852,0.892857143,0.928571429,0.857142857,0.963010204,0.866666667,1,1,1,1,1,1,1,1,1,1,1,1,1,1,1,1,1,1,1,1,1,1,1,1,1,1,1,1,1,1,0.857142857,0.821428571,0.892857143,0.969387755,0.884615385,1,1,1,1,1,1,1,1,1,1,1,1,1,1,1,1,1,1,1,1,1,1,1,1,1,1,1,1,1,1,1,1,1,1,1,1,1,1,1,1,1,1,1,1,1,1,1,1,1,1
1,0.90625,0.890625,1,0.9375,0.90625,1,0.9375,0.890625,1,1,0.96875,1,1,1,1,1,1,1,0.8125,0.8125,1,0.875,0.8125,1,0.875,0.78125,1,0.974609375,0.958984375,1,0.9921875,0.984863281,1,1,0.995117188,1,0.842105263,0.837837838,1,0.888888889,0.842105263,1,0.888888889,0.820512821,0.890625,0.96875,0.8125,0.966796875,0.837837838,0.9375,1,0.875,0.98046875,0.888888889,1,1,1,1,1,1,1,1,1,1,1,1,1,1,1,1,1,1,1,1,1,1,1,1,1,0.90625,1,0.8125,0.975585938,0.842105263,0.9375,1,0.875,0.990234375,0.888888889,0.9375,1,0.875,1,0.888888889,1,1,1,1,1,1,1,1,1,1,1,1,1,1,1,1,1,1,1,1,0.9375,1,0.875,1,0.888888889,0.9375,1,0.875,1,0.888888889,1,1,1,1,1,1,1,1,1,1
1,0.96875,0.921875,1,0.96875,0.921875,1,0.96875,0.90625,1,1,0.9375,1,1,0.90625,1,1,0.96875,1,0.9375,0.90625,1,0.9375,0.9375,1,0.9375,0.84375,1,0.970703125,0.953125,1,0.990234375,0.977050781,1,0.984375,0.971191406,1,0.941176471,0.909090909,1,0.941176471,0.935483871,1,0.941176471,0.861111111,0.9375,0.9375,0.9375,0.967773438,0.9375,0.96875,1,0.9375,0.97265625,0.941176471,1,1,1,1,1,1,1,1,1,1,0.875,1,0.75,1,0.8,1,1,1,1,1,1,1,1,1,1,0.90625,0.875,0.9375,0.967773438,0.933333333,0.9375,0.9375,0.9375,0.982421875,0.9375,0.9375,1,0.875,1,0.888888889,1,1,1,1,1,1,1,1,1,1,0.9375,1,0.875,1,0.888888889,0.9375,1,0.875,1,0.888888889,0.9375,1,0.875,1,0.888888889,0.9375,1,0.875,1,0.888888889,1,1,1,1,1,1,1,1,1,1
0.5,0.625,0.59375,0.5,0.625,0.625,0.5,0.6875,0.671875,0,0.25,0.25,0,0.25,0.3125,0,0.375,0.34375,1,1,0.9375,1,1,0.9375,1,1,1,1,0.8203125,0.781738281,1,0.927734375,0.864746094,1,0.96484375,0.899902344,NaN,1,0.8,NaN,1,0.833333333,NaN,1,1,0.609375,0.21875,1,0.812988281,1,0.5625,0.125,1,0.86328125,1,0.5,0,1,1,NaN,0.5,0,1,1,NaN,0.625,0.25,1,1,1,0.5,0,1,1,NaN,0.5,0,1,1,NaN,0.59375,0.21875,0.96875,0.794433594,0.875,0.5625,0.125,1,0.853515625,1,0.5,0,1,0.9921875,NaN,0.5,0,1,1,NaN,0.5,0,1,1,NaN,0.75,0.5,1,0.9921875,1,0.5,0,1,1,NaN,0.5,0,1,1,NaN,0.5625,0.125,1,1,1,0.75,1,0.75,0.75,0.5,0.5,0.5,0.5,0.5,0.5
0.5,0.71875,0.625,1,0.90625,0.828125,1,0.9375,0.875,0,0.5,0.34375,1,0.8125,0.71875,1,0.875,0.78125,1,0.9375,0.90625,1,1,0.9375,1,1,0.96875,1,0.953125,0.879394531,1,0.9921875,0.951660156,1,1,0.979492188,NaN,0.888888889,0.785714286,1,1,0.92,1,1,0.961538462,0.671875,0.375,0.96875,0.91796875,0.923076923,0.78125,0.5625,1,0.970703125,1,0.5,0,1,1,NaN,0.5,0,1,1,NaN,1,1,1,1,1,1,1,1,1,1,0.5,0,1,1,NaN,0.671875,0.375,0.96875,0.940917969,0.923076923,0.6875,0.375,1,0.98828125,1,0.5625,0.125,1,1,1,0.625,0.25,1,1,1,0.5,0,1,1,NaN,0.9375,0.875,1,1,1,1,1,1,1,1,0.625,0.25,1,1,1,0.625,0.25,1,1,1,1,1,1,1,1,0.75,1,0.75,0.5,0.5
0.75,0.75,0.75,1,0.84375,0.859375,0.75,0.78125,0.78125,1,1,1,1,1,1,1,1,1,0.5,0.5,0.5,1,0.6875,0.71875,0.5,0.5625,0.5625,1,0.96875,0.947753906,1,0.998046875,0.979003906,1,0.994140625,0.985839844,0.666666667,0.666666667,0.666666667,1,0.761904762,0.780487805,0.666666667,0.695652174,0.695652174,0.8125,1,0.625,0.954589844,0.727272727,0.8125,1,0.625,0.982421875,0.727272727,0.75,1,0.5,1,0.666666667,0.75,1,0.5,1,0.666666667,0.875,1,0.75,1,0.8,0.875,1,0.75,1,0.8,0.625,1,0.25,1,0.571428571,0.875,1,0.75,0.971679688,0.8,0.84375,1,0.6875,0.994140625,0.761904762,0.875,1,0.75,1,0.8,0.875,1,0.75,1,0.8,1,1,1,1,1,0.8125,1,0.625,1,0.727272727,0.875,1,0.75,1,0.8,0.875,1,0.75,1,0.8,0.6875,1,0.375,0.9921875,0.615384615,0.5,0.5,0.75,0.75,0.75,0.5,0.5,0.5,0.5,0.75
0.5,0.625,0.640625,0.75,0.6875,0.71875,0.75,0.71875,0.734375,1,1,1,1,1,1,1,1,1,0,0.25,0.28125,0.5,0.375,0.4375,0.5,0.4375,0.46875,1,0.96484375,0.929199219,1,0.994140625,0.969726563,1,0.98046875,0.959960938,0.5,0.571428571,0.581818182,0.666666667,0.615384615,0.64,0.666666667,0.64,0.653061224,0.703125,1,0.40625,0.981933594,0.62745098,0.65625,1,0.3125,0.998046875,0.592592593,0.625,1,0.25,1,0.571428571,0.5,1,0,1,0.5,0.625,1,0.25,1,0.571428571,0.625,1,0.25,1,0.571428571,0.5,1,0,1,0.5,0.734375,1,0.46875,0.982421875,0.653061224,0.75,1,0.5,1,0.666666667,0.6875,1,0.375,1,0.615384615,0.625,1,0.25,1,0.571428571,0.75,1,0.5,1,0.666666667,0.8125,1,0.625,1,0.727272727,0.75,1,0.5,1,0.666666667,0.5625,1,0.125,1,0.533333333,0.5625,1,0.125,1,0.533333333,0.75,0.75,1,0.75,0.75,0.5,0.5,0.75,0.5,0.5
1,0.8125,0.793650794,1,0.90625,0.904761905,1,0.90625,0.841269841,1,1,1,1,1,1,1,1,1,1,0.625,0.59375,1,0.8125,0.8125,1,0.8125,0.6875,1,1,0.985383065,1,1,0.999495968,1,1,1,1,0.727272727,0.704545455,1,0.842105263,0.837837838,1,0.842105263,0.756097561,0.761904762,1,0.53125,0.985887097,0.673913043,0.78125,1,0.5625,0.998046875,0.695652174,0.875,1,0.75,1,0.8,0.75,1,0.5,1,0.666666667,0.875,1,0.75,1,0.8,1,1,1,1,1,1,1,1,1,1,0.793650794,1,0.59375,0.977318548,0.704545455,0.84375,1,0.6875,1,0.761904762,0.875,1,0.75,1,0.8,0.875,1,0.75,1,0.8,1,1,1,1,1,0.9375,1,0.875,1,0.888888889,0.9375,1,0.875,1,0.888888889,0.875,1,0.75,1,0.8,0.875,1,0.75,1,0.8,1,1,1,1,1,0.75,0.75,1,1,1
0.5,0.59375,0.625,0.5,0.625,0.609375,0.5,0.59375,0.640625,1,1,1,1,1,1,1,1,0.96875,0,0.1875,0.25,0,0.25,0.21875,0,0.1875,0.3125,1,0.9765625,0.946777344,1,0.97265625,0.946777344,1,0.955078125,0.93359375,0.5,0.551724138,0.571428571,0.5,0.571428571,0.561403509,0.5,0.551724138,0.58490566,0.578125,1,0.15625,0.962890625,0.542372881,0.59375,1,0.1875,0.990234375,0.551724138,0.5,1,0,1,0.5,0.5,1,0,1,0.5,0.5,1,0,1,0.5,0.5,1,0,1,0.5,0.5,1,0,1,0.5,0.59375,1,0.1875,0.958496094,0.551724138,0.5625,1,0.125,0.98828125,0.533333333,0.5625,1,0.125,1,0.533333333,0.5,1,0,1,0.5,0.5,1,0,1,0.5,0.625,1,0.25,1,0.571428571,0.5625,1,0.125,1,0.533333333,0.5625,1,0.125,1,0.533333333,0.625,1,0.25,1,0.571428571,0.5,0.5,0.75,0.5,0.5,0.5,0.5,0.75,0.5,0.5
0.5,0.5625,0.625,0.75,0.6875,0.75,0.75,0.75,0.75,1,1,1,1,1,1,1,1,1,0,0.125,0.25,0.5,0.375,0.5,0.5,0.5,0.5,1,1,0.995117188,1,1,1,1,1,0.997070313,0.5,0.533333333,0.571428571,0.666666667,0.615384615,0.666666667,0.666666667,0.666666667,0.666666667,0.59375,1,0.1875,0.999023438,0.551724138,0.59375,1,0.1875,1,0.551724138,0.5,1,0,1,0.5,0.5,1,0,1,0.5,0.75,1,0.5,1,0.666666667,0.75,1,0.5,1,0.666666667,0.5,1,0,1,0.5,0.734375,1,0.46875,0.999511719,0.653061224,0.6875,1,0.375,1,0.615384615,0.6875,1,0.375,1,0.615384615,0.75,1,0.5,1,0.666666667,0.75,1,0.5,1,0.666666667,0.75,1,0.5,1,0.666666667,0.6875,1,0.375,1,0.615384615,0.5,1,0,1,0.5,0.5625,1,0.125,1,0.533333333,0.75,0.75,1,0.75,0.75,0.5,0.5,0.5,0.5,0.5
1,0.84375,0.796875,1,0.90625,0.84375,1,0.84375,0.875,1,0.9375,0.9375,1,1,0.96875,1,0.9375,0.96875,1,0.75,0.65625,1,0.8125,0.71875,1,0.75,0.78125,1,0.95703125,0.953613281,1,0.990234375,0.977539063,1,0.986328125,0.983886719,1,0.789473684,0.731707317,1,0.842105263,0.775,1,0.789473684,0.815789474,0.828125,0.96875,0.6875,0.974121094,0.756097561,0.8125,0.9375,0.6875,0.978515625,0.75,0.875,1,0.75,1,0.8,1,1,1,1,1,1,1,1,1,1,1,1,1,1,1,0.875,1,0.75,1,0.8,0.828125,0.96875,0.6875,0.971679688,0.756097561,0.84375,0.9375,0.75,0.982421875,0.789473684,0.9375,1,0.875,1,0.888888889,1,1,1,1,1,1,1,1,1,1,0.9375,1,0.875,1,0.888888889,0.9375,1,0.875,1,0.888888889,0.875,1,0.75,1,0.8,0.875,1,0.75,1,0.8,1,1,1,1,1,1,1,1,1,1
1,0.875,0.875,1,0.84375,0.890625,1,0.90625,0.890625,1,1,0.96875,1,1,1,1,1,0.96875,1,0.75,0.78125,1,0.6875,0.78125,1,0.8125,0.8125,1,1,0.979492188,1,1,0.987792969,1,0.998046875,0.982421875,1,0.8,0.815789474,1,0.761904762,0.820512821,1,0.842105263,0.837837838,0.859375,0.96875,0.75,0.977539063,0.794871795,0.875,1,0.75,1,0.8,0.875,1,0.75,1,0.8,1,1,1,1,1,0.875,1,0.75,1,0.8,0.875,1,0.75,1,0.8,0.875,1,0.75,1,0.8,0.859375,1,0.71875,0.993652344,0.780487805,0.84375,1,0.6875,1,0.761904762,0.9375,1,0.875,1,0.888888889,0.875,1,0.75,1,0.8,1,1,1,1,1,0.875,1,0.75,1,0.8,0.875,1,0.75,1,0.8,0.9375,1,0.875,1,0.888888889,0.875,1,0.75,1,0.8,0.75,1,0.75,0.75,1,0.75,0.75,0.75,0.75,1
1,0.9375,0.9375,1,1,1,1,1,1,1,1,1,1,1,1,1,1,1,1,0.875,0.875,1,1,1,1,1,1,1,1,0.998046875,1,1,1,1,1,1,1,0.888888889,0.888888889,1,1,1,1,1,1,0.90625,1,0.8125,1,0.842105263,0.9375,1,0.875,1,0.888888889,1,1,1,1,1,1,1,1,1,1,1,1,1,1,1,1,1,1,1,1,1,1,1,1,1,0.9375,1,0.875,0.998046875,0.888888889,0.9375,1,0.875,1,0.888888889,1,1,1,1,1,1,1,1,1,1,1,1,1,1,1,1,1,1,1,1,1,1,1,1,1,1,1,1,1,1,1,1,1,1,1,1,1,1,1,1,0.75,0.75,1,1,1
1,0.96875,0.9375,1,0.96875,0.9375,1,0.9375,0.921875,1,1,0.96875,1,1,0.96875,1,1,0.9375,1,0.9375,0.90625,1,0.9375,0.90625,1,0.875,0.90625,1,0.9921875,0.980957031,1,0.99609375,0.985839844,1,0.99609375,0.979980469,1,0.941176471,0.911764706,1,0.941176471,0.911764706,1,0.888888889,0.909090909,0.921875,0.96875,0.875,0.976074219,0.885714286,0.96875,1,0.9375,0.9921875,0.941176471,1,1,1,1,1,1,1,1,1,1,1,1,1,1,1,1,1,1,1,1,1,1,1,1,1,0.9375,0.96875,0.90625,0.982421875,0.911764706,0.96875,1,0.9375,0.99609375,0.941176471,1,1,1,1,1,1,1,1,1,1,1,1,1,1,1,1,1,1,1,1,1,1,1,1,1,1,1,1,1,1,1,1,1,1,1,0.75,0.75,1,1,1,1,1,1,1,1
1,0.90625,0.875,1,0.96875,0.90625,1,1,0.96875,1,0.875,0.8125,1,0.9375,0.8125,1,1,0.9375,1,0.9375,0.9375,1,1,1,1,1,1,1,0.990234375,0.932617188,1,1,0.986816406,1,1,0.9921875,1,0.933333333,0.928571429,1,1,1,1,1,1,0.859375,0.75,0.96875,0.962890625,0.96,0.90625,0.875,0.9375,0.994140625,0.933333333,1,1,1,1,1,1,1,1,1,1,1,1,1,1,1,1,1,1,1,1,1,1,1,1,1,0.90625,0.8125,1,0.980957031,1,0.96875,0.9375,1,1,1,1,1,1,1,1,1,1,1,1,1,1,1,1,1,1,1,1,1,1,1,1,1,1,1,1,1,1,1,1,1,1,1,1,1,1,1,1,1,1,1,1,0.75,1,1,1
1,0.75,0.754716981,1,0.892857143,0.773584906,1,0.821428571,0.773584906,1,0.857142857,0.892857143,1,0.857142857,0.857142857,1,0.857142857,0.821428571,1,0.642857143,0.6,1,0.928571429,0.68,1,0.785714286,0.72,1,0.882653061,0.858571429,1,0.910714286,0.877142857,1,0.918367347,0.861428571,1,0.705882353,0.714285714,1,0.923076923,0.75,1,0.8,0.766666667,0.754716981,0.892857143,0.6,0.852857143,0.714285714,0.75,0.857142857,0.642857143,0.890306122,0.705882353,0.875,1,0.75,1,0.8,1,1,1,1,1,1,1,1,1,1,1,1,1,1,1,0.75,1,0.5,1,0.666666667,0.735849057,0.857142857,0.6,0.878571429,0.705882353,0.857142857,0.857142857,0.857142857,0.905612245,0.857142857,0.9375,1,0.875,1,0.888888889,1,1,1,1,1,1,1,1,1,1,0.8125,0.875,0.75,0.953125,0.777777778,1,1,1,1,1,0.8125,1,0.625,0.9921875,0.727272727,0.6875,1,0.375,1,0.615384615,0.75,0.75,0.75,1,1,0.75,1,0.5,0.5,1
1,1,0.953125,1,1,0.953125,1,0.9375,0.890625,1,1,1,1,1,0.96875,1,1,1,1,1,0.90625,1,1,0.9375,1,0.875,0.78125,1,1,0.999511719,1,1,0.996582031,1,1,0.999023438,1,1,0.914285714,1,1,0.939393939,1,0.888888889,0.820512821,0.9375,0.96875,0.90625,0.994628906,0.911764706,0.96875,1,0.9375,1,0.941176471,1,1,1,1,1,1,1,1,1,1,1,1,1,1,1,1,1,1,1,1,1,1,1,1,1,0.9375,0.96875,0.90625,0.99609375,0.911764706,0.96875,1,0.9375,1,0.941176471,1,1,1,1,1,1,1,1,1,1,1,1,1,1,1,0.9375,1,0.875,1,0.888888889,1,1,1,1,1,1,1,1,1,1,1,1,1,1,1,1,1,1,1,1,1,1,1,1,1
0.5,0.678571429,0.660714286,0.5,0.607142857,0.607142857,0.5,0.642857143,0.607142857,0,0.357142857,0.321428571,0,0.214285714,0.214285714,0,0.285714286,0.214285714,1,1,1,1,1,1,1,1,1,1,0.775510204,0.767857143,1,0.844387755,0.792091837,1,0.75,0.711734694,NaN,1,1,NaN,1,1,NaN,1,1,0.678571429,0.357142857,1,0.738520408,1,0.714285714,0.428571429,1,0.760204082,1,0.5,0,1,0.96875,NaN,0.5,0,1,1,NaN,0.5,0,1,1,NaN,0.5,0,1,1,NaN,0.625,0.25,1,0.96875,1,0.625,0.25,1,0.740433673,1,0.571428571,0.142857143,1,0.755102041,1,0.5625,0.125,1,0.7578125,1,0.5,0,1,1,NaN,0.5,0,1,1,NaN,0.5,0,1,0.78125,NaN,0.5625,0.125,1,0.8046875,1,0.625,0.25,1,0.7734375,1,0.625,0.25,1,0.7890625,1,0.5,0.5,0.5,0.5,0.5,0.5,0.5,0.5,0.5,0.5
1,0.84375,0.8125,1,0.875,0.84375,1,0.9375,0.859375,1,0.8125,0.78125,1,0.9375,0.875,1,0.9375,0.9375,1,0.875,0.84375,1,0.8125,0.8125,1,0.9375,0.78125,1,0.890625,0.870605469,1,0.974609375,0.9453125,1,0.998046875,0.962402344,1,0.866666667,0.833333333,1,0.833333333,0.823529412,1,0.9375,0.810810811,0.875,0.875,0.875,0.912597656,0.875,0.84375,0.8125,0.875,0.953125,0.866666667,1,1,1,1,1,1,1,1,1,1,1,1,1,1,1,1,1,1,1,1,1,1,1,1,1,0.796875,0.8125,0.78125,0.930664063,0.787878788,0.84375,0.8125,0.875,0.974609375,0.866666667,1,1,1,1,1,1,1,1,1,1,1,1,1,1,1,0.9375,1,0.875,1,0.888888889,0.9375,1,0.875,1,0.888888889,0.8125,0.875,0.75,0.9765625,0.777777778,0.75,0.75,0.75,0.953125,0.75,1,1,1,1,1,1,0.75,0.5,1,1
0.75,0.8125,0.734375,0.75,0.875,0.859375,0.75,0.8125,0.78125,1,1,1,1,1,1,1,1,1,0.5,0.625,0.46875,0.5,0.75,0.71875,0.5,0.625,0.5625,1,1,0.99609375,1,0.998046875,0.98828125,1,1,0.991210938,0.666666667,0.727272727,0.653061224,0.666666667,0.8,0.780487805,0.666666667,0.727272727,0.695652174,0.71875,1,0.4375,0.997070313,0.64,0.71875,1,0.4375,1,0.64,0.75,1,0.5,1,0.666666667,0.75,1,0.5,1,0.666666667,0.75,1,0.5,1,0.666666667,0.75,1,0.5,1,0.666666667,0.75,1,0.5,1,0.666666667,0.71875,1,0.4375,0.996582031,0.64,0.8125,1,0.625,1,0.727272727,0.75,1,0.5,1,0.666666667,0.75,1,0.5,1,0.666666667,0.75,1,0.5,1,0.666666667,0.8125,1,0.625,1,0.727272727,0.8125,1,0.625,1,0.727272727,0.75,1,0.5,1,0.666666667,0.75,1,0.5,1,0.666666667,0.75,0.75,0.75,0.75,0.75,0.75,0.75,0.75,0.75,0.75
1,0.96875,0.921875,1,0.96875,0.890625,1,0.9375,0.828125,1,0.9375,0.875,1,0.9375,0.84375,1,0.875,0.6875,1,1,0.96875,1,1,0.9375,1,1,0.96875,1,1,0.975097656,1,1,0.980957031,1,0.998046875,0.978515625,1,1,0.965517241,1,1,0.931034483,1,1,0.956521739,0.890625,0.8125,0.96875,0.974121094,0.962962963,0.96875,0.9375,1,1,1,1,1,1,1,1,1,1,1,1,1,1,1,1,1,1,1,1,1,1,1,1,1,1,1,1,0.890625,0.8125,0.96875,0.980957031,0.962962963,0.96875,0.9375,1,1,1,1,1,1,1,1,1,1,1,1,1,1,1,1,1,1,0.9375,0.875,1,1,1,1,1,1,1,1,0.9375,0.875,1,1,1,0.9375,0.875,1,1,1,0.75,1,1,1,1,0.75,1,1,1,1
1,0.875,0.84375,0.75,0.78125,0.8125,0.75,0.78125,0.796875,1,0.9375,0.96875,1,0.9375,0.9375,1,0.9375,0.9375,1,0.8125,0.71875,0.5,0.625,0.6875,0.5,0.625,0.65625,1,0.955078125,0.915039063,1,0.966796875,0.94140625,1,0.96875,0.942382813,1,0.833333333,0.775,0.666666667,0.714285714,0.75,0.666666667,0.714285714,0.731707317,0.71875,0.96875,0.46875,0.913574219,0.645833333,0.6875,0.9375,0.4375,0.9453125,0.625,0.75,1,0.5,1,0.666666667,0.75,1,0.5,1,0.666666667,0.875,1,0.75,1,0.8,0.875,1,0.75,1,0.8,1,1,1,1,1,0.796875,0.9375,0.65625,0.950195313,0.731707317,0.8125,0.9375,0.6875,0.982421875,0.75,0.875,1,0.75,1,0.8,0.875,1,0.75,1,0.8,1,1,1,1,1,0.875,1,0.75,1,0.8,0.875,1,0.75,1,0.8,0.8125,1,0.625,1,0.727272727,0.875,1,0.75,0.9921875,0.8,1,0.75,0.75,1,0.75,1,1,0.75,1,1
1,0.90625,0.90625,1,0.9375,0.9375,1,0.9375,0.953125,1,0.875,0.875,1,0.9375,0.90625,1,0.9375,0.9375,1,0.9375,0.9375,1,0.9375,0.96875,1,0.9375,0.96875,1,0.984375,0.9609375,1,0.994140625,0.975585938,1,0.998046875,0.983398438,1,0.933333333,0.933333333,1,0.9375,0.966666667,1,0.9375,0.967741935,0.921875,0.875,0.96875,0.968261719,0.965517241,0.90625,0.875,0.9375,0.98828125,0.933333333,1,1,1,1,1,1,1,1,1,1,1,1,1,1,1,1,1,1,1,1,1,1,1,1,1,0.921875,0.875,0.96875,0.977050781,0.965517241,0.9375,0.9375,0.9375,0.990234375,0.9375,1,1,1,1,1,1,1,1,1,1,1,1,1,1,1,1,1,1,1,1,1,1,1,1,1,1,1,1,1,1,1,1,1,1,1,1,1,1,1,1,1,1,1,1,1
0.75,0.75,0.71875,1,0.9375,0.90625,1,0.9375,0.921875,1,1,0.9375,1,1,1,1,1,1,0.5,0.5,0.5,1,0.875,0.8125,1,0.875,0.84375,1,0.9921875,0.932617188,1,1,0.987792969,1,0.998046875,0.987792969,0.666666667,0.666666667,0.652173913,1,0.888888889,0.842105263,1,0.888888889,0.864864865,0.8125,0.9375,0.6875,0.954589844,0.75,0.875,1,0.75,0.990234375,0.8,1,1,1,1,1,1,1,1,1,1,1,1,1,1,1,1,1,1,1,1,0.875,1,0.75,1,0.8,0.828125,0.96875,0.6875,0.9765625,0.756097561,0.875,1,0.75,1,0.8,0.8125,1,0.625,1,0.727272727,0.875,1,0.75,1,0.8,1,1,1,1,1,0.9375,1,0.875,1,0.888888889,1,1,1,1,1,0.9375,1,0.875,1,0.888888889,0.9375,1,0.875,1,0.888888889,1,1,1,1,1,1,1,1,1,0.75
1,0.916666667,0.8125,1,1,0.958333333,1,1,0.979166667,1,0.916666667,0.875,1,1,1,1,1,1,1,0.916666667,0.75,1,1,0.916666667,1,1,0.958333333,1,0.986111111,0.932291667,1,1,0.995659722,1,1,0.998263889,1,0.916666667,0.777777778,1,1,0.923076923,1,1,0.96,0.875,0.875,0.875,0.971354167,0.875,0.958333333,0.916666667,1,1,1,1,1,1,1,1,1,1,1,1,1,1,1,1,1,1,1,1,1,1,1,1,1,1,1,1,0.916666667,0.958333333,0.875,0.988715278,0.884615385,1,1,1,1,1,1,1,1,1,1,1,1,1,1,1,1,1,1,1,1,1,1,1,1,1,1,1,1,1,1,1,1,1,1,1,0.9375,0.875,1,0.9921875,1,1,1,1,1,1,1,1,1,1,1
1,0.9375,0.796875,1,0.9375,0.84375,1,0.90625,0.828125,1,1,0.875,1,0.875,0.75,1,0.9375,0.8125,1,0.875,0.71875,1,1,0.9375,1,0.875,0.84375,1,0.994140625,0.928710938,1,0.98828125,0.935546875,1,0.982421875,0.945800781,1,0.888888889,0.756756757,1,1,0.923076923,1,0.882352941,0.838709677,0.859375,0.9375,0.78125,0.940917969,0.810810811,0.9375,1,0.875,0.994140625,0.888888889,1,1,1,1,1,1,1,1,1,1,1,1,1,1,1,1,1,1,1,1,1,1,1,1,1,0.890625,0.9375,0.84375,0.958984375,0.857142857,0.9375,1,0.875,1,0.888888889,1,1,1,1,1,1,1,1,1,1,1,1,1,1,1,1,1,1,1,1,1,1,1,1,1,1,1,1,1,1,0.9375,1,0.875,1,0.888888889,0.75,0.75,1,1,1,0.75,0.75,0.75,1,1
1,1,0.90625,1,1,0.9375,1,1,0.953125,1,1,0.875,1,1,1,1,1,1,1,1,0.9375,1,1,0.875,1,1,0.90625,1,1,0.979492188,1,1,0.998535156,1,1,1,1,1,0.933333333,1,1,0.888888889,1,1,0.914285714,0.984375,1,0.96875,0.998535156,0.96969697,1,1,1,1,1,1,1,1,1,1,1,1,1,1,1,1,1,1,1,1,1,1,1,1,1,1,1,1,1,1,0.984375,1,0.96875,0.999023438,0.96969697,1,1,1,1,1,1,1,1,1,1,1,1,1,1,1,1,1,1,1,1,1,1,1,1,1,1,1,1,1,1,1,1,1,1,1,1,1,1,1,1,1,1,1,1,1,0.5,1,1,1,1
1,0.8125,0.75,1,0.8125,0.8125,1,0.84375,0.84375,1,0.625,0.625,1,0.625,0.6875,1,0.6875,0.71875,1,1,0.875,1,1,0.9375,1,1,0.96875,1,0.908203125,0.880371094,1,0.986328125,0.944824219,1,0.966796875,0.934570313,1,1,0.833333333,1,1,0.916666667,1,1,0.958333333,0.765625,0.65625,0.875,0.909667969,0.84,0.84375,0.6875,1,0.970703125,1,1,1,1,1,1,1,1,1,1,1,1,1,1,1,1,1,1,1,1,1,1,1,1,1,1,0.8125,0.71875,0.90625,0.931152344,0.884615385,0.84375,0.6875,1,0.966796875,1,1,1,1,1,1,1,1,1,1,1,1,1,1,1,1,0.9375,0.875,1,1,1,0.9375,0.875,1,1,1,1,1,1,1,1,0.9375,0.875,1,1,1,0.75,1,0.75,1,1,0.75,1,0.75,1,1
1,0.9375,0.90625,1,0.9375,0.9375,1,0.90625,0.875,1,1,0.9375,1,0.875,0.875,1,0.8125,0.78125,1,0.875,0.875,1,1,1,1,1,0.96875,1,0.998046875,0.976074219,1,0.99609375,0.972167969,1,0.982421875,0.958984375,1,0.888888889,0.882352941,1,1,1,1,1,0.961538462,0.90625,0.875,0.9375,0.984375,0.933333333,1,1,1,1,1,1,1,1,1,1,1,1,1,1,1,1,1,1,1,1,1,1,1,1,1,1,1,1,1,1,0.953125,0.90625,1,0.979980469,1,0.96875,0.9375,1,0.994140625,1,1,1,1,1,1,1,1,1,1,1,1,1,1,1,1,0.9375,0.875,1,1,1,1,1,1,1,1,1,1,1,1,1,1,1,1,1,1,1,1,1,1,1,1,0.75,1,1,1
1,0.8125,0.734375,1,0.84375,0.828125,1,0.90625,0.828125,1,0.9375,0.9375,1,1,0.96875,1,1,0.96875,1,0.6875,0.53125,1,0.6875,0.6875,1,0.8125,0.6875,1,0.951171875,0.906738281,1,1,0.967285156,1,0.9921875,0.976074219,1,0.75,0.666666667,1,0.761904762,0.756097561,1,0.842105263,0.756097561,0.8125,0.9375,0.6875,0.921875,0.75,0.84375,0.9375,0.75,0.96484375,0.789473684,1,1,1,1,1,1,1,1,1,1,1,1,1,1,1,1,1,1,1,1,0.875,1,0.75,1,0.8,0.828125,0.90625,0.75,0.944824219,0.783783784,0.90625,1,0.8125,0.982421875,0.842105263,0.9375,1,0.875,1,0.888888889,1,1,1,1,1,1,1,1,1,1,1,1,1,1,1,0.875,1,0.75,1,0.8,0.9375,1,0.875,1,0.888888889,0.9375,1,0.875,0.9921875,0.888888889,0.75,0.75,1,1,1,0.75,0.75,0.75,0.75,1
1,0.84375,0.796875,1,0.875,0.796875,1,0.90625,0.890625,1,0.8125,0.75,1,0.75,0.65625,1,0.8125,0.78125,1,0.875,0.84375,1,1,0.9375,1,1,1,1,0.96484375,0.942382813,1,0.9921875,0.967773438,1,0.990234375,0.967285156,1,0.866666667,0.827586207,1,1,0.913043478,1,1,1,0.828125,0.78125,0.875,0.948730469,0.862068966,0.90625,0.875,0.9375,0.982421875,0.933333333,1,1,1,1,1,1,1,1,1,1,0.875,0.75,1,1,1,0.875,0.75,1,1,1,1,1,1,1,1,0.875,0.8125,0.9375,0.974121094,0.928571429,0.90625,0.875,0.9375,0.99609375,0.933333333,1,1,1,1,1,1,1,1,1,1,1,1,1,1,1,0.875,0.75,1,1,1,0.9375,0.875,1,1,1,1,1,1,1,1,1,1,1,1,1,1,1,0.75,0.75,1,1,1,1,1,1
0.75,0.8125,0.796875,0.75,0.8125,0.8125,1,0.875,0.828125,0.5,0.6875,0.6875,0.5,0.625,0.6875,1,0.75,0.71875,1,0.9375,0.90625,1,1,0.9375,1,1,0.9375,1,0.921875,0.880859375,1,0.966796875,0.93359375,1,0.9765625,0.931640625,1,0.916666667,0.88,1,1,0.916666667,1,1,0.92,0.796875,0.65625,0.9375,0.896484375,0.913043478,0.8125,0.6875,0.9375,0.931640625,0.916666667,0.875,0.75,1,1,1,0.75,0.5,1,1,1,0.875,0.75,1,1,1,0.875,0.75,1,1,1,0.875,0.75,1,1,1,0.8125,0.71875,0.90625,0.90625,0.884615385,0.84375,0.75,0.9375,0.93359375,0.923076923,0.875,0.75,1,0.9765625,1,0.875,0.75,1,1,1,0.75,0.5,1,1,1,0.875,0.75,1,0.9921875,1,0.875,0.75,1,1,1,0.875,0.75,1,0.9921875,1,0.875,0.75,1,0.953125,1,0.75,1,1,0.75,1,0.5,0.5,1,0.75,0.75
1,0.958333333,0.854166667,1,1,0.895833333,1,1,0.958333333,1,1,1,1,1,1,1,1,1,1,0.916666667,0.708333333,1,1,0.791666667,1,1,0.916666667,1,1,0.997395833,1,1,1,1,1,0.997395833,1,0.923076923,0.774193548,1,1,0.827586207,1,1,0.923076923,0.895833333,1,0.791666667,1,0.827586207,0.958333333,1,0.916666667,1,0.923076923,1,1,1,1,1,1,1,1,1,1,1,1,1,1,1,1,1,1,1,1,1,1,1,1,1,0.875,1,0.75,1,0.8,0.958333333,1,0.916666667,1,0.923076923,1,1,1,1,1,1,1,1,1,1,1,1,1,1,1,1,1,1,1,1,1,1,1,1,1,1,1,1,1,1,0.9375,1,0.875,1,0.888888889,1,1,1,1,1,1,1,1,1,1
1,0.9375,0.90625,1,0.96875,0.875,1,0.96875,0.921875,1,1,1,1,1,1,1,1,1,1,0.875,0.8125,1,0.9375,0.75,1,0.9375,0.84375,1,0.998046875,0.981445313,1,1,0.99609375,1,1,0.999023438,1,0.888888889,0.842105263,1,0.941176471,0.8,1,0.941176471,0.864864865,0.859375,1,0.71875,0.990722656,0.780487805,0.9375,1,0.875,1,0.888888889,1,1,1,1,1,1,1,1,1,1,1,1,1,1,1,1,1,1,1,1,1,1,1,1,1,0.9375,1,0.875,0.987792969,0.888888889,0.96875,1,0.9375,1,0.941176471,1,1,1,1,1,1,1,1,1,1,1,1,1,1,1,1,1,1,1,1,1,1,1,1,1,0.9375,1,0.875,1,0.888888889,0.9375,1,0.875,1,0.888888889,1,0.75,1,1,1,1,1,1,1,1
1,0.84375,0.78125,1,0.90625,0.859375,1,0.96875,0.875,1,0.875,0.8125,1,0.875,0.78125,1,0.9375,0.84375,1,0.8125,0.75,1,0.9375,0.9375,1,1,0.90625,1,0.951171875,0.911621094,1,0.97265625,0.938964844,1,0.982421875,0.945800781,1,0.823529412,0.764705882,1,0.933333333,0.925925926,1,1,0.9,0.8125,0.78125,0.84375,0.92578125,0.833333333,0.90625,0.875,0.9375,0.962890625,0.933333333,1,1,1,1,1,1,1,1,1,1,1,1,1,1,1,1,1,1,1,1,1,1,1,1,1,0.859375,0.78125,0.9375,0.9375,0.925925926,0.875,0.875,0.875,0.966796875,0.875,1,1,1,1,1,1,1,1,1,1,1,1,1,1,1,1,1,1,1,1,0.9375,0.875,1,1,1,1,1,1,1,1,1,1,1,1,1,0.75,1,1,1,1,0.75,1,1,1,1
1,0.84375,0.875,1,0.875,0.84375,1,0.84375,0.84375,1,0.875,0.90625,1,0.9375,0.84375,1,0.8125,0.8125,1,0.8125,0.84375,1,0.8125,0.84375,1,0.875,0.875,1,0.970703125,0.918457031,1,0.962890625,0.909667969,1,0.958984375,0.923339844,1,0.823529412,0.852941176,1,0.833333333,0.84375,1,0.866666667,0.866666667,0.859375,0.875,0.84375,0.923339844,0.848484848,0.84375,0.9375,0.75,0.978515625,0.789473684,1,1,1,1,1,1,1,1,1,1,1,1,1,1,1,1,1,1,1,1,1,1,1,1,1,0.859375,0.875,0.84375,0.922851563,0.848484848,0.84375,0.9375,0.75,0.970703125,0.789473684,0.9375,1,0.875,0.9921875,0.888888889,1,1,1,1,1,1,1,1,1,1,0.9375,0.875,1,0.9921875,1,0.9375,1,0.875,0.9921875,0.888888889,0.875,0.875,0.875,0.9921875,0.875,0.9375,0.875,1,0.9921875,1,1,1,1,1,1,1,1,1,1,1
1,0.8125,0.765625,1,0.78125,0.734375,1,0.75,0.75,1,0.75,0.71875,1,0.6875,0.65625,1,0.6875,0.6875,1,0.875,0.8125,1,0.875,0.8125,1,0.8125,0.8125,1,0.8828125,0.804199219,1,0.900390625,0.793457031,1,0.904296875,0.810058594,1,0.857142857,0.793103448,1,0.846153846,0.777777778,1,0.785714286,0.785714286,0.75,0.6875,0.8125,0.802734375,0.785714286,0.8125,0.75,0.875,0.873046875,0.857142857,1,1,1,1,1,1,1,1,1,1,1,1,1,1,1,1,1,1,1,1,1,1,1,1,1,0.734375,0.65625,0.8125,0.792480469,0.777777778,0.78125,0.6875,0.875,0.88671875,0.846153846,0.875,0.75,1,0.96875,1,1,1,1,1,1,1,1,1,1,1,0.8125,0.625,1,0.9921875,1,0.8125,0.625,1,0.9921875,1,0.8125,0.75,0.875,0.9765625,0.857142857,0.9375,1,0.875,0.984375,0.888888889,0.75,0.5,0.5,1,1,0.75,0.5,1,1,1
1,0.90625,0.828125,1,0.90625,0.828125,1,0.96875,0.890625,1,0.9375,0.90625,1,0.9375,0.9375,1,1,0.9375,1,0.875,0.75,1,0.875,0.71875,1,0.9375,0.84375,1,0.9765625,0.936035156,1,0.982421875,0.9453125,1,0.99609375,0.975585938,1,0.882352941,0.783783784,1,0.882352941,0.769230769,1,0.941176471,0.857142857,0.859375,0.9375,0.78125,0.94921875,0.810810811,0.9375,0.9375,0.9375,0.986328125,0.9375,1,1,1,1,1,1,1,1,1,1,1,1,1,1,1,1,1,1,1,1,1,1,1,1,1,0.8125,0.875,0.75,0.939453125,0.777777778,0.90625,0.875,0.9375,0.97265625,0.933333333,1,1,1,1,1,1,1,1,1,1,1,1,1,1,1,1,1,1,1,1,1,1,1,1,1,1,1,1,1,1,1,1,1,1,1,0.75,0.75,1,1,1,0.75,1,1,1,1
1,0.875,0.796875,1,0.84375,0.796875,1,0.90625,0.859375,1,0.8125,0.71875,1,0.8125,0.71875,1,0.875,0.8125,1,0.9375,0.875,1,0.875,0.875,1,0.9375,0.90625,1,0.908203125,0.859375,1,0.927734375,0.901855469,1,0.958984375,0.925292969,1,0.928571429,0.851851852,1,0.866666667,0.851851852,1,0.933333333,0.896551724,0.78125,0.75,0.8125,0.89453125,0.8,0.875,0.875,0.875,0.943359375,0.875,1,1,1,1,1,1,1,1,1,1,1,1,1,1,1,1,1,1,1,1,1,1,1,1,1,0.8125,0.75,0.875,0.897949219,0.857142857,0.875,0.8125,0.9375,0.9453125,0.928571429,0.9375,0.875,1,0.9765625,1,1,1,1,1,1,1,1,1,1,1,0.9375,0.875,1,0.9765625,1,0.9375,0.875,1,0.9765625,1,0.9375,0.875,1,0.9453125,1,0.875,0.75,1,0.9296875,1,1,1,1,1,1,0.5,1,1,1,1
1,0.90625,0.859375,1,0.9375,0.84375,1,0.96875,0.96875,1,0.9375,0.90625,1,0.9375,0.90625,1,0.9375,0.9375,1,0.875,0.8125,1,0.9375,0.78125,1,1,1,1,0.966796875,0.94140625,1,0.998046875,0.974609375,1,0.994140625,0.986816406,1,0.882352941,0.828571429,1,0.9375,0.805555556,1,1,1,0.90625,0.96875,0.84375,0.972167969,0.861111111,0.9375,0.9375,0.9375,0.986328125,0.9375,1,1,1,1,1,1,1,1,1,1,1,1,1,1,1,1,1,1,1,1,1,1,1,1,1,0.890625,0.96875,0.8125,0.979492188,0.837837838,0.9375,1,0.875,0.994140625,0.888888889,1,1,1,1,1,1,1,1,1,1,1,1,1,1,1,1,1,1,1,1,1,1,1,1,1,1,1,1,1,1,0.9375,1,0.875,0.9921875,0.888888889,1,1,1,1,1,1,1,1,1,1