acc,target,modelID,studyID,tooltype,modelLevel,trainDataLevel,testDataLevel,spatialScale,algorithm,sampleSize,population,clipain,feature_task,feature_method
71.11,Pain vs. no pain,6,7,fMRI,idiographic model,Trial-level,Run-level,Brain-wide,GPC,15,Healthy,,Phasic pain,"Act pattern"
91.67,Pain vs. no pain,7,7,fMRI,idiographic model,Trial-level,Run-level,Brain-wide,GPC,15,Healthy,,Phasic pain,"Act pattern"
71.67,Low pain vs. High pain,8,7,fMRI,idiographic model,Trial-level,Run-level,Brain-wide,GPC,15,Healthy,,Phasic pain,"Act pattern"
68.33,Pain vs. no pain,9,7,fMRI,idiographic model,Trial-level,Run-level,Brain-wide,RVM,15,Healthy,,Phasic pain,"Act pattern"
86.11,Pain vs. no pain,10,7,fMRI,idiographic model,Trial-level,Run-level,Brain-wide,RVM,15,Healthy,,Phasic pain,"Act pattern"
69.44,Low pain vs. High pain,11,7,fMRI,idiographic model,Trial-level,Run-level,Brain-wide,RVM,15,Healthy,,Phasic pain,"Act pattern"
72.78,Pain vs. no pain,12,7,fMRI,idiographic model,Trial-level,Run-level,Brain-wide,Linear SVM,15,Healthy,,Phasic pain,"Act pattern"
91.67,Pain vs. no pain,13,7,fMRI,idiographic model,Trial-level,Run-level,Brain-wide,Linear SVM,15,Healthy,,Phasic pain,"Act pattern"
68.34,Low pain vs. High pain,14,7,fMRI,idiographic model,Trial-level,Run-level,Brain-wide,Linear SVM,15,Healthy,,Phasic pain,"Act pattern"
86.6,Pain vs. no pain,24,11,fMRI,population-level model,Trial-level,Trial-level,Brain-wide,Linear SVM,16,Healthy,,Phasic pain,"Act pattern"
56.7,Pain vs. no pain,25,11,fMRI,population-level model,Trial-level,Trial-level,Single region,Linear SVM,16,Healthy,,Phasic pain,"Act pattern"
64.3,Pain vs. no pain,26,11,fMRI,population-level model,Trial-level,Trial-level,Single region,Linear SVM,16,Healthy,,Phasic pain,"Act pattern"
50,Pain vs. no pain,27,11,fMRI,population-level model,Trial-level,Trial-level,Single region,Linear SVM,16,Healthy,,Phasic pain,"Act pattern"
54,Pain vs. no pain,28,11,fMRI,population-level model,Trial-level,Trial-level,Single region,Linear SVM,16,Healthy,,Phasic pain,"Act pattern"
71.9,Pain vs. no pain,29,11,fMRI,population-level model,Trial-level,Trial-level,Single region,Linear SVM,16,Healthy,,Phasic pain,"Act pattern"
59.8,Pain vs. no pain,30,11,fMRI,population-level model,Trial-level,Trial-level,Single region,Linear SVM,16,Healthy,,Phasic pain,"Act pattern"
57.6,Pain vs. no pain,31,13,fMRI,idiographic model,Trial-level,Trial-level,Brain-wide,Linear SVM,16,Healthy,,Phasic pain,"Act pattern"
61.4,Pain vs. no pain,32,13,fMRI,idiographic model,Trial-level,Trial-level,Brain-wide,Linear SVM,16,Healthy,,Phasic pain,"Act pattern"
58,Pain vs. no pain,33,13,fMRI,idiographic model,Trial-level,Trial-level,Combination of regions,Linear SVM,16,Healthy,,Phasic pain,"Act pattern"
62,Pain vs. no pain,34,13,fMRI,idiographic model,Trial-level,Trial-level,Combination of regions,Linear SVM,16,Healthy,,Phasic pain,"Act pattern"
56,Pain vs. no pain,35,13,fMRI,idiographic model,Trial-level,Trial-level,Single region,Linear SVM,16,Healthy,,Phasic pain,"Act pattern"
59,Pain vs. no pain,36,13,fMRI,idiographic model,Trial-level,Trial-level,Single region,Linear SVM,16,Healthy,,Phasic pain,"Act pattern"
62,Low pain vs. High pain,41,14,EEG,population-level model,Trial-level,Trial-level,Single region,Linear SVM,23,Healthy,,Phasic pain,"Time-Frequency"
83,Pain sensitivity,42,14,EEG,population-level model,Trial-level,Trial-level,Single region,Linear SVM,23,Healthy,,Phasic pain,"Time-Frequency"
78,Pain sensitivity,43,14,EEG,population-level model,Individual-level,Individual-level,Single region,Linear SVM,23,Healthy,,Phasic pain,"Time-Frequency"
78,Pain sensitivity,44,14,EEG,population-level model,Trial-level,Trial-level,Single region,Linear SVM,23,Healthy,,Phasic pain,"Event-Related Potential"
78,Pain sensitivity,45,14,EEG,population-level model,Individual-level,Individual-level,Single region,Linear SVM,23,Healthy,,Phasic pain,"Event-Related Potential"
85.7,Treatment effect,46,15,EEG,population-level model,Individual-level,Individual-level,Single region,Linear SVM,28,Clinical,Chronic pancreatitis,Resting,"Time-Frequency"
72.73,Pain patients vs. controls,48,23,sMRI,population-level model,Individual-level,Individual-level,Brain-wide,Linear SVM,66,Clinical,Chronic Pelvic Pain,T1 image,"Structural information"
69.36,Pain patients vs. controls,49,23,sMRI,population-level model,Individual-level,Individual-level,Brain-wide,Linear SVM,66,Clinical,Chronic Pelvic Pain,T1 image,"Structural information"
92.3,Pain patients vs. controls,50,24,fMRI,population-level model,Individual-level,Individual-level,Combination of regions,Sparse logistic regression,26,Clinical,chronic low back pain(cLBP),Phasic pain,"Act pattern"
70,Pain patients vs. controls,51,27,sMRI,population-level model,Individual-level,Individual-level,Brain-wide,Sparse Partial Least Squares for Discrimination Analysis (sPLS-DA),216,Clinical,Irritable Bowel Syndrome(IBS),T1 image,"Structural information"
71.9,Treatment responder,52,28,EEG,population-level model,Individual-level,Individual-level,Combination of regions,Linear SVM,32,Healthy,,Tonic pain,"Time-Frequency"
71.9,Treatment responder,53,28,EEG,population-level model,Individual-level,Individual-level,Combination of regions,Linear SVM,32,Healthy,,Tonic pain,"Time-Frequency"
72.17,Pain patients vs. controls,54,31,sMRI,population-level model,Individual-level,Individual-level,Brain-wide,SMO-SVM,26,Clinical,Fibromyalgia(FM),Structure,"Structural information"
75.5,Pain patients vs. controls,55,31,sMRI,population-level model,Individual-level,Individual-level,Brain-wide,J48 decision tree,26,Clinical,Fibromyalgia(FM),Structure,"Structural information"
75,Low pain vs. High pain,57,35,fMRI,idiographic model,Trial-level,Trial-level,Brain-wide,Linear SVM,30,Healthy,,Phasic pain,"Act pattern"
72.5,Low pain vs. High pain,58,35,fMRI,idiographic model,Trial-level,Trial-level,Brain-wide,Linear SVM,30,Healthy,,Phasic pain,"Act pattern"
83.5,Low pain vs. High pain,61,35,EEG,idiographic model,Trial-level,Trial-level,Single region,Linear SVM,91,Healthy,,Phasic pain,"Time-Frequency"
78.2,Low pain vs. High pain,62,35,EEG,idiographic model,Trial-level,Trial-level,Single region,Linear SVM,91,Healthy,,Phasic pain,"Time-Frequency"
82,Pain patients vs. controls,65,36,fMRI,population-level model,Trial-level,Trial-level,Brain-wide,Linear SVM,34,Clinical,Fibromyalgia(FM),Phasic pain,"Act pattern"
82,Treatment effect,66,36,fMRI,population-level model,Trial-level,Trial-level,Brain-wide,Linear SVM,17,Clinical,Fibromyalgia(FM),Phasic pain,"Act pattern"
84.2,Pain vs. no pain,67,42,fMRI,idiographic model,Tr-level,Tr-level,Brain-wide,Linear SVM,20,Clinical,temporomandibular disorders(TMD),Phasic pain,"Act pattern"
75,Pain site,68,42,fMRI,population-level model,Run-level,Run-level,Brain-wide,Linear SVM,10,Clinical,temporomandibular disorders(TMD),Phasic pain,"Act pattern"
55,Pain site,69,42,fMRI,population-level model,Run-level,Run-level,Brain-wide,Linear SVM,10,Healthy,,Phasic pain,"Act pattern"
60,Pain patients vs. controls,70,42,fMRI,population-level model,Individual-level,Individual-level,Brain-wide,Linear SVM,20,Clinical,temporomandibular disorders(TMD),Phasic pain,"Act pattern"
89,Pain patients vs. controls,71,49,fMRI,population-level model,Trial-level,Trial-level,Brain-wide,Linear SVM,72,Clinical,Fibromyalgia(FM),Phasic pain,"Act pattern"
70,Pain patients vs. controls,72,49,fMRI,population-level model,Trial-level,Trial-level,Brain-wide,Linear SVM,72,Clinical,Fibromyalgia(FM),Phasic pain,"Act pattern"
81,Pain patients vs. controls,73,50,fMRI,population-level model,Individual-level,Individual-level,Combination of regions,DQDA,108,Clinical,Migraine,Resting,"Conn pattern"
89.58,Low pain vs. High pain,81,60,EEG,population-level model,Condition-level,Condition-level,Combination of regions,Nonlinear SVM,30,Healthy,,Phasic pain,"Time-Frequency"
81.25,Low pain vs. High pain,82,60,EEG,population-level model,Condition-level,Condition-level,Combination of regions,Linear SVM,30,Healthy,,Phasic pain,"Time-Frequency"
65,Treatment responder,83,65,EEG,population-level model,Individual-level,Individual-level,Single region,Linear SVM,81,Clinical,-,Tonic pain,"Time-Frequency"
89,Pain persistence,84,69,EEG,population-level model,Tr bin-level,Tr bin-level,Combination of regions,ANN,18,Clinical,Spinal cord injured,Resting,"Time-Frequency"
81,Pain patients vs. controls,87,69,EEG,population-level model,Tr bin-level,Tr bin-level,Combination of regions,ANN,18,Clinical,Spinal cord injured,Resting,"Time-Frequency"
89,Pain patients vs. controls,86,69,EEG,population-level model,Tr bin-level,Tr bin-level,Combination of regions,ANN,20,Clinical,Spinal cord injured,Resting,"Time-Frequency"
88,Pain patients vs. controls,87,69,EEG,population-level model,Tr bin-level,Tr bin-level,Combination of regions,LDA,21,Clinical,Spinal cord injured,Resting,"Time-Frequency"
87,Pain patient type,88,69,EEG,population-level model,Tr bin-level,Tr bin-level,Combination of regions,ANN,21,Clinical,Spinal cord injured,Resting,"Time-Frequency"
87,Pain patient type,89,69,EEG,population-level model,Tr bin-level,Tr bin-level,Combination of regions,ANN,19,Clinical,Spinal cord injured,Resting,"Time-Frequency"
68,Pain patients vs. controls,93,74,fMRI,population-level model,Individual-level,Individual-level,Brain-wide,Linear SVM,159,Clinical,chronic low back pain(cLBP),Resting,"Conn pattern"
64,Pain patients vs. controls,95,74,fMRI,population-level model,Individual-level,Individual-level,Brain-wide,CVAE,159,Clinical,chronic low back pain(cLBP),Resting,"Act mean"
89.78,Pain vs. no pain,96,75,EEG,idiographic model,Trial-level,Trial-level,Brain-wide,Linear SVM,9,Healthy,,Phasic pain,"Time-Frequency"
89.51,Pain vs. no pain,97,75,EEG,idiographic model,Trial-level,Trial-level,Brain-wide,Linear SVM,9,Healthy,,Phasic pain,"Time-Frequency"
69.2,Low pain vs. High pain,98,75,EEG,idiographic model,Trial-level,Trial-level,Brain-wide,Linear SVM,9,Healthy,,Phasic pain,"Time-Frequency"
79.3,Pain patients vs. controls,102,85,fMRI,population-level model,Individual-level,Individual-level,Brain-wide,Linear SVM,164,Clinical,chronic low back pain(cLBP),Resting,"Conn pattern"
79.24,Pain severity,103,88,fMRI,population-level model,Individual-level,Individual-level,Brain-wide,Linear SVM,53,Clinical,chronic low back pain(cLBP),Resting,"Conn pattern"
96.15,Pain patients vs. controls,109,97,EEG,population-level model,Individual-level,Individual-level,Brain-wide,Nonlinear SVM,32,Clinical,Fibromyalgia(FM),Sleeping,"Time-Frequency"
84.85,Pain patients vs. controls,110,97,EEG,population-level model,Individual-level,Individual-level,Brain-wide,Nonlinear SVM,32,Clinical,Fibromyalgia(FM),Sleeping,"Time-Frequency"
58.6,Pain site,113,102,fMRI,idiographic model,Trial-level,Trial-level,Brain-wide,Linear SVM,14,Healthy,,Phasic pain,"Act pattern"
64.6,Pain site,114,102,fMRI,idiographic model,Trial-level,Trial-level,Single region,Linear SVM,14,Healthy,,Phasic pain,"Act pattern"
64.3,Pain site,115,102,fMRI,idiographic model,Trial-level,Trial-level,Single region,Linear SVM,14,Healthy,,Phasic pain,"Act pattern"
62.1,Pain site,116,102,fMRI,idiographic model,Trial-level,Trial-level,Single region,Linear SVM,14,Healthy,,Phasic pain,"Act pattern"
62.1,Pain site,117,102,fMRI,idiographic model,Trial-level,Trial-level,Single region,Linear SVM,14,Healthy,,Phasic pain,"Act pattern"
62.1,Pain site,118,102,fMRI,idiographic model,Trial-level,Trial-level,Single region,Linear SVM,14,Healthy,,Phasic pain,"Act pattern"
70.18,Pain patients vs. controls,120,104,sMRI,population-level model,Individual-level,Individual-level,Brain-wide,Linear SVM,114,Clinical,Primary Dysmenorrhea(PDM),Structure,"Structural information"
71.05,Pain patients vs. controls,121,104,sMRI,population-level model,Individual-level,Individual-level,Brain-wide,Linear SVM,114,Clinical,Primary Dysmenorrhea(PDM),Structure,"Structural information"
85.5,Treatment responder,122,106,sMRI,population-level model,Individual-level,Individual-level,Single region,Nonlinear SVM,29,Clinical,Herpes Zoster(HZ),Structure,"Structural information"
84.62,Pain patient type,126,117,EEG,population-level model,Individual-level,Individual-level,Brain-wide,Nonlinear SVM,52,Clinical,Migraine,Resting,"Conn pattern"
71.5,Pain patients vs. controls,127,118,fMRI,population-level model,Individual-level,Individual-level,Combination of regions,Linear SVM,68,Clinical,Irritable Bowel Syndrome(IBS),Resting,"Conn pattern"
64.9,Pain patients vs. controls,128,118,fMRI,population-level model,Individual-level,Individual-level,Combination of regions,Linear SVM,68,Clinical,Irritable Bowel Syndrome(IBS),Resting,"Conn pattern"
61.9,Pain patients vs. controls,129,118,fMRI,population-level model,Individual-level,Individual-level,Combination of regions,Linear SVM,68,Clinical,Irritable Bowel Syndrome(IBS),Resting,"Conn pattern"
59.9,Pain patients vs. controls,130,118,fMRI,population-level model,Individual-level,Individual-level,Combination of regions,Linear SVM,68,Clinical,Irritable Bowel Syndrome(IBS),Resting,"Conn pattern"
88,Pain severity,131,120,fMRI,population-level model,Individual-level,Individual-level,Brain-wide,Logistic regression,45,Clinical,Primary Dysmenorrhea(PDM),Resting,"Conn pattern, structural information"
71.4,Treatment responder,133,133,EEG,population-level model,Individual-level,Individual-level,Combination of regions,LDA,70,Clinical,Herpes Zoster(HZ),Resting,"Time-Frequency"
80,Treatment responder,134,133,EEG,population-level model,Individual-level,Individual-level,Combination of regions,K-NN,70,Clinical,Herpes Zoster(HZ),Resting,"Time-Frequency"
77.1,Treatment responder,135,133,EEG,population-level model,Individual-level,Individual-level,Combination of regions,Linear SVM,70,Clinical,Herpes Zoster(HZ),Resting,"Time-Frequency"
67.1,Treatment responder,136,133,EEG,population-level model,Individual-level,Individual-level,Combination of regions,Random Forest,70,Clinical,Herpes Zoster(HZ),Resting,"Time-Frequency"
86.3,Low pain vs. High pain,137,138,EEG,idiographic model,Trial-level,Trial-level,Single region,Naïve Bayes,29,Healthy,,Phasic pain,"Event-Related Potential"
80.3,Low pain vs. High pain,138,138,EEG,population-level model,Trial-level,Trial-level,Single region,Naïve Bayes,29,Healthy,,Phasic pain,"Event-Related Potential"
63,Pain vs. no pain,148,140,fMRI,idiographic model,Trial-level,Trial-level,Single region,Linear SVM,14,Healthy,,Phasic pain,"Act pattern"
59,Pain vs. no pain,149,140,fMRI,idiographic model,Trial-level,Trial-level,Single region,Linear SVM,14,Healthy,,Phasic pain,"Act pattern"
59,Pain vs. no pain,150,140,fMRI,idiographic model,Trial-level,Trial-level,Single region,Linear SVM,14,Healthy,,Phasic pain,"Act pattern"
68,Pain vs. no pain,151,140,fMRI,idiographic model,Trial-level,Trial-level,Single region,Linear SVM,14,Healthy,,Phasic pain,"Act pattern"
93,Pain vs. no pain,152,140,fMRI,idiographic model,Trial-level,Trial-level,Single region,Linear SVM,14,Healthy,,Phasic pain,"Act pattern"
61,Pain vs. no pain,153,140,fMRI,idiographic model,Trial-level,Trial-level,Single region,Linear SVM,14,Healthy,,Phasic pain,"Act pattern"
69,Pain vs. no pain,154,140,fMRI,idiographic model,Trial-level,Trial-level,Single region,Linear SVM,14,Healthy,,Phasic pain,"Act pattern"
67,Pain vs. no pain,155,140,fMRI,idiographic model,Trial-level,Trial-level,Single region,Linear SVM,14,Healthy,,Phasic pain,"Act pattern"
72,Pain vs. no pain,156,140,fMRI,idiographic model,Trial-level,Trial-level,Single region,Linear SVM,14,Healthy,,Phasic pain,"Act pattern"
76,Pain patients vs. controls,157,141,sMRI,population-level model,Individual-level,Individual-level,Brain-wide,Linear SVM,94,Clinical,chronic low back pain(cLBP),Structure,"Structural information"
85,Pain vs. no pain,159,143,fMRI,population-level model,Condition-level,Condition-level,Brain-wide,Linear SVM,10,Healthy,,Phasic pain,"Act pattern"
90,Pain vs. no pain,160,143,fMRI,population-level model,Condition-level,Condition-level,Brain-wide,Linear SVM,10,Healthy,,Phasic pain,"Act pattern"
93.75,Pain vs. no pain,161,143,fMRI,population-level model,Condition-level,Condition-level,Brain-wide,Linear SVM,8,Healthy,,Phasic pain,"Act pattern"
74.5,Pain vs. no pain,162,143,fMRI,population-level model,Condition-level,Condition-level,Brain-wide,Linear SVM,51,Healthy,,Phasic pain,"Act pattern"
