corr,target,modelID,studyID,tooltype,modelLevel,trainDataLevel,testDataLevel,spatialScale,algorithm,sampleSize,population,clipain,feature_task,feature_method
0.73,Pain rating,3,7,fMRI,idiographic model,Trial-level,Run-level,Brain-wide,GPR,15,Healthy,,Phasic pain,Act pattern
0.8,Pain rating,15,9,fMRI,population-level model,Tr-level,Tr-level,Brain-wide,Linear SVR,14,Healthy,,Tonic pain,Act mean
0.78,Pain rating,16,9,fMRI,population-level model,Tr-level,Tr-level,Brain-wide,Linear SVR,14,Healthy,,Tonic pain,Act mean
0.75,Pain rating,17,9,fMRI,population-level model,Tr-level,Tr-level,Brain-wide,Linear SVR,14,Healthy,,Tonic pain,Act mean
0.7,Pain rating,18,9,fMRI,population-level model,Tr-level,Tr-level,Brain-wide,Linear SVR,14,Healthy,,Tonic pain,Act mean
0.74,Pain rating,19,9,fMRI,population-level model,Tr-level,Tr-level,Brain-wide,the ν-method,14,Healthy,,Tonic pain,Act mean
0.73,Pain rating,20,9,fMRI,population-level model,Tr-level,Tr-level,Brain-wide,the ν-method,14,Healthy,,Tonic pain,Act mean
0.76,Pain rating,21,9,fMRI,population-level model,Tr-level,Tr-level,Brain-wide,the ν-method,14,Healthy,,Tonic pain,Act mean
0.74,Pain rating,22,9,fMRI,population-level model,Tr-level,Tr-level,Brain-wide,the ν-method,14,Healthy,,Tonic pain,Act mean
0.72,Pain rating,23,9,fMRI,population-level model,Tr-level,Tr-level,Brain-wide,the ν-method,14,Healthy,,Tonic pain,Act mean
0.74,Pain rating,47,18,fMRI,population-level model,Condition-level,Condition-level,Brain-wide,LASSO-PCR,20,Healthy,,Phasic pain,Act pattern
0.6,Treatment effect,56,33,fMRI,population-level model,Individual-level,Individual-level,Combination of regions,non-fitting,17,Clinical,osteoarthritis pain(OA),Resting,Degree count
0.38,Pain rating,76,54,fMRI,combination,Trial-level,Trial-level,Brain-wide,LASSO-PCR,180,Healthy,,Phasic pain,Act pattern
0.37,Pain rating,77,54,fMRI,combination,Trial-level,Trial-level,Brain-wide,LASSO-PCR,180,Healthy,,Phasic pain,Act pattern
0.37,Pain rating,78,54,fMRI,combination,Trial-level,Trial-level,Brain-wide,LASSO-PCR,180,Healthy,,Phasic pain,Act pattern
0.34,Pain rating,79,54,fMRI,idiographic model,Trial-level,Trial-level,Brain-wide,LASSO-PCR,180,Healthy,,Phasic pain,Act pattern
0.312,Pain rating,80,57,fMRI,population-level model,Trial-level,Trial-level,Brain-wide,PCR,137,Healthy,,Phasic pain,Act pattern
0.55,Pain rating,99,78,EEG,population-level model,Individual-level,Individual-level,Brain-wide,Linear regression,21,Healthy,,Tonic pain,Time-Frequency
0.39,Treatment effect,108,94,fMRI,population-level model,Individual-level,Individual-level,Single region,RVR,30,Clinical,Neuropathic pain,Resting,voxelwise LFO z-scores
0.67,Treatment effect,119,103,fMRI,population-level model,Individual-level,Individual-level,Combination of regions,Linear SVM,84,Clinical,Knee osteoarthritis(KOA),Resting,Conn pattern
0.63,Pain sensitivity,125,116,fMRI,population-level model,Individual-level,Individual-level,Brain-wide,Elastic Net Regression,35,Healthy,,Resting,Conn pattern
0.37,Treatment effect,141,139,fMRI,population-level model,Trial-level,Trial-level,Brain-wide,LASSO-PCR,47,Healthy,,Phasic pain,Act pattern
0.73,Treatment effect,142,139,fMRI,population-level model,Trial-level,Trial-level,Brain-wide,LASSO-PCR,23,Healthy,,Phasic pain,Act pattern
0.33,Treatment effect,143,139,fMRI,population-level model,Trial-level,Trial-level,Brain-wide,LASSO-PCR,47,Healthy,,Phasic pain,Act pattern
0.35,Treatment effect,146,139,fMRI,population-level model,Trial-level,Trial-level,Brain-wide,LASSO-PCR,47,Healthy,,Phasic pain,Act pattern
0.25,Treatment effect,147,139,fMRI,population-level model,Trial-level,Trial-level,Brain-wide,LASSO-PCR,47,Healthy,,Phasic pain,Act pattern
0.343,Pain rating,163,144,fMRI,population-level model,Tr bin-level,Tr bin-level,Brain-wide,PCR,19,Healthy,,Tonic pain,Conn pattern
